{"block.iron_door.close":{"sounds":["block\/wooden_door\/close"],"replace":true,"subtitle":"subtitles.block.door.toggle"},"block.iron_door.open":{"sounds":["block\/wooden_door\/open"],"replace":true,"subtitle":"subtitles.block.door.toggle"},"block.iron_trapdoor.close":{"sounds":["block\/wooden_door\/close"],"replace":true,"subtitle":"subtitles.block.iron_trapdoor.close"},"block.iron_trapdoor.open":{"sounds":["block\/wooden_door\/open"],"replace":true,"subtitle":"subtitles.block.iron_trapdoor.open"},"block.wooden_door.close":{"sounds":["block\/wooden_door\/close"],"replace":true,"subtitle":"subtitles.block.door.toggle"},"block.wooden_door.open":{"sounds":["block\/wooden_door\/open"],"replace":true,"subtitle":"subtitles.block.door.toggle"},"block.wooden_trapdoor.open":{"sounds":["block\/wooden_door\/open"],"replace":true,"subtitle":"subtitles.block.trapdoor.toggle"},"block.wooden_trapdoor.close":{"sounds":["block\/wooden_door\/close"],"replace":true,"subtitle":"subtitles.block.trapdoor.toggle"},"block.fence_gate.open":{"sounds":["block\/wooden_door\/open"],"replace":true,"subtitle":"subtitles.block.fence_gate.toggle"},"block.fence_gate.close":{"sounds":["block\/wooden_door\/close"],"replace":true,"subtitle":"subtitles.block.fence_gate.toggle"},"block.cherry_wood_door.open":{"sounds":["block\/wooden_door\/open"],"replace":true,"subtitle":"subtitles.block.trapdoor.toggle"},"block.cherry_wood_door.close":{"sounds":["block\/wooden_door\/close"],"replace":true,"subtitle":"subtitles.block.trapdoor.toggle"},"block.cherry_wood_trapdoor.open":{"sounds":["block\/wooden_door\/open"],"replace":true,"subtitle":"subtitles.block.trapdoor.toggle"},"block.cherry_wood_trapdoor.close":{"sounds":["block\/wooden_door\/close"],"replace":true,"subtitle":"subtitles.block.trapdoor.toggle"},"block.cherry_wood_fence_gate.open":{"sounds":["block\/wooden_door\/open"],"replace":true,"subtitle":"subtitles.block.fence_gate.toggle"},"block.cherry_wood_fence_gate.close":{"sounds":["block\/wooden_door\/close"],"replace":true,"subtitle":"subtitles.block.fence_gate.toggle"},"block.bamboo_wood_door.open":{"sounds":["block\/wooden_door\/open"],"replace":true,"subtitle":"subtitles.block.trapdoor.toggle"},"block.bamboo_wood_door.close":{"sounds":["block\/wooden_door\/close"],"replace":true,"subtitle":"subtitles.block.trapdoor.toggle"},"block.bamboo_wood_trapdoor.open":{"sounds":["block\/wooden_door\/open"],"replace":true,"subtitle":"subtitles.block.trapdoor.toggle"},"block.bamboo_wood_trapdoor.close":{"sounds":["block\/wooden_door\/close"],"replace":true,"subtitle":"subtitles.block.trapdoor.toggle"},"block.bamboo_wood_fence_gate.open":{"sounds":["block\/wooden_door\/open"],"replace":true,"subtitle":"subtitles.block.bamboo_wood_fence_gate.toggle"},"block.bamboo_wood_fence_gate.close":{"sounds":["block\/wooden_door\/close"],"replace":true,"subtitle":"subtitles.block.trapdoor.toggle"},"block.nether_wood_door.open":{"sounds":["block\/wooden_door\/open"],"replace":true,"subtitle":"subtitles.block.trapdoor.toggle"},"block.nether_wood_door.close":{"sounds":["block\/wooden_door\/close"],"replace":true,"subtitle":"subtitles.block.trapdoor.toggle"},"block.nether_wood_trapdoor.open":{"sounds":["block\/wooden_door\/open"],"replace":true,"subtitle":"subtitles.block.trapdoor.toggle"},"block.nether_wood_trapdoor.close":{"sounds":["block\/wooden_door\/close"],"replace":true,"subtitle":"subtitles.block.trapdoor.toggle"},"block.nether_wood_fence_gate.open":{"sounds":["block\/wooden_door\/open"],"replace":true,"subtitle":"subtitles.block.fence_gate.toggle"},"block.nether_wood_fence_gate.close":{"sounds":["block\/wooden_door\/close"],"replace":true,"subtitle":"subtitles.block.fence_gate.toggle"},"block.copper_door.close":{"sounds":["block\/wooden_door\/close"],"replace":true,"subtitle":"subtitles.block.door.toggle"},"block.copper_door.open":{"sounds":["block\/wooden_door\/close",{"name":"block\/wooden_door\/close","pitch":1.1}],"replace":true,"subtitle":"subtitles.block.door.toggle"},"item.spyglass.use":{"sounds":[{"name":"item\/spyglass\/funny","volume":0.5}],"replace":true},"entity.minecart.inside":{"sounds":[{"name":"minecart\/inside","volume":0.05}],"replace":true},"entity.minecart.inside.underwater":{"sounds":[{"name":"minecart\/inside_underwater1","volume":0.05},{"name":"minecart\/inside_underwater2","volume":0.05},{"name":"minecart\/inside_underwater3","volume":0.05}],"replace":true},"entity.minecart.riding":{"sounds":[{"name":"minecart\/base","volume":0.05}],"replace":true,"subtitle":"subtitles.entity.minecart.riding"}}